Title,URL,Category 1,Category 2
Il Miglior Amplificatore Integrato Hi-Fi – Classifica 2022,https://latop10.it/migliori-amplificatori-integrati-hifi/,Elettronica,Amplificatore
"Il Miglior Sintoamplificatore – Guida all’Acquisto, Classifica 2022",https://latop10.it/migliori-sintoamplificatori/,Elettronica,Amplificatore
Il Miglior Amplificatore Valvolare – Classifica 2022,https://latop10.it/migliori-amplificatori-valvolari/,Elettronica,Amplificatore
Il Miglior Sintoamplificatore 5.1 – Classifica 2022,https://latop10.it/migliori-sintoamplificatori-5-1/,Elettronica,Amplificatore
"Il Miglior Amplificatore Yamaha – Recensioni, Classifica 2022",https://latop10.it/migliori-amplificatori-yamaha/,Elettronica,Amplificatore
"Il Miglior Sintoamplificatore Yamaha – Recensioni, Opinioni 2021",https://latop10.it/migliori-sintoamplificatori-yamaha/,Elettronica,Amplificatore
"Il Miglior Amplificatore per Subwoofer – Recensioni, Classifica 2022",https://latop10.it/migliori-amplificatori-per-subwoofer/,Elettronica,Amplificatore
"Il Miglior Amplificatore Stereo – Recensioni, Classifica 2022",https://latop10.it/migliori-amplificatori-stereo/,Elettronica,Amplificatore
"Il Miglior Sintoamplificatore Onkyo – Recensioni, Opinioni 2021",https://latop10.it/migliori-sintoamplificatori-onkyo/,Elettronica,Amplificatore
"Il Miglior Amplificatore per Chitarra – Recensioni, Classifica 2022",https://latop10.it/migliori-amplificatori-per-chitarra/,Elettronica,Amplificatore
Il Miglior Decoder Tivusat Economico del 2022,https://latop10.it/decoder-tivusat-economico/,Elettronica,Antenna & Ricevitore TV
La Miglior Antenna TV Esterna per Digitale Terrestre del 2022,https://latop10.it/miglior-antenna-tv-esterna-per-digitale-terrestre/,Elettronica,Antenna & Ricevitore TV
La Migliore Antenna Interna TV per Digitale Terrestre del 2022,https://latop10.it/migliori-antenne-interne-tv/,Elettronica,Antenna & Ricevitore TV
Il Miglior Decoder per Digitale Terrestre – Classifica 2022,https://latop10.it/migliori-decoder-digitale/,Elettronica,Antenna & Ricevitore TV
La Migliore Parabola Satellitare – Classifica 2022,https://latop10.it/migliori-parabole-satellitari/,Elettronica,Antenna & Ricevitore TV
"La Miglior Parabola Sky – Opinioni, Recensioni 2022",https://latop10.it/migliori-parabole-sky/,Elettronica,Antenna & Ricevitore TV
"La Miglior Parabola Satellitare (Piatte, anche per Camper) del 2022",https://latop10.it/migliori-parabole/,Elettronica,Antenna & Ricevitore TV
"Il Miglior Decoder Satellitare (Ricevitore, TV SAT, anche HD) del 2022",https://latop10.it/migliori-decoder-satellitari/,Elettronica,Antenna & Ricevitore TV
Il Miglior Decoder Satellitare HD (TV SAT) – Classifica 2022,https://latop10.it/migliori-decoder-satellitari-hd/,Elettronica,Antenna & Ricevitore TV
Il Miglior Ricevitore Satellitare Humax – Classifica 2022,https://latop10.it/migliori-ricevitori-satellitari-humax/,Elettronica,Antenna & Ricevitore TV
Il Miglior Decoder Satellitare TV Sat – Classifica 2022,https://latop10.it/migliori-decoder-satellitari-tv-sat/,Elettronica,Antenna & Ricevitore TV
Il Miglior Amplificatore di Segnale TV (Antenna) – Classifica 2022,https://latop10.it/migliori-amplificatori-di-segnale-tv/,Elettronica,Antenna & Ricevitore TV
La Migliore Parabola Satellitare da 80 cm – Classifica 2022,https://latop10.it/migliori-parabole-satellitari-da-80-cm/,Elettronica,Antenna & Ricevitore TV
"La Migliore Antenna FM da Interno – Recensioni, Classifica 2022",https://latop10.it/migliori-antenne-fm-da-interno/,Elettronica,Antenna & Ricevitore TV
Il Miglior Decoder Digitale Terrestre HD – Classifica 2022,https://latop10.it/migliori-decoder-digitali-terrestri-hd/,Elettronica,Antenna & Ricevitore TV
"La Migliore Parabola Portatile – Recensioni, Classifica 2022",https://latop10.it/migliori-parabole-portatili/,Elettronica,Antenna & Ricevitore TV
"La Migliore Antenna da Interno 1byone – Opinioni, Recensioni 2022",https://latop10.it/migliori-antenne-da-interno-1byone/,Elettronica,Antenna & Ricevitore TV
"Gli 8 Migliori Hard Disk Esterni (Affidabili, per PC or Mac) del 2022",https://latop10.it/migliori-hard-disk-esterni/,Elettronica,Archivio dati
La Migliore Chiavetta USB (anche Veloce) – Classifica 2022,https://latop10.it/migliori-chiavette-usb/,Elettronica,Archivio dati
La Migliore Micro SD (Schede SD) – Classificazione 2020,https://latop10.it/migliori-micro-sd/,Elettronica,Archivio dati
"Il Miglior Hard Disk Esterno Maxtor – Opinioni, Recensioni 2022",https://latop10.it/migliori-hard-disk-esterni-maxtor/,Elettronica,Archivio dati
"Il Miglior Hard Disk Esterno da 1 TB – Recensioni, Classifica 2022",https://latop10.it/migliori-hard-disk-esterni-da-1-tb/,Elettronica,Archivio dati
"La Miglior Pen Drive (Chiavetta USB) – Recensioni, Classifica 2022",https://latop10.it/migliori-pen-drive/,Elettronica,Archivio dati
"La Migliore Scheda di Memoria SD – Recensioni, Classifica 2022",https://latop10.it/migliori-schede-di-memoria-sd/,Elettronica,Archivio dati
"Il Miglior CD Vergine – Recensioni, Classifica 2022",https://latop10.it/migliori-cd-vergini/,Elettronica,Archivio dati
"JBL Charge 3 – Recensione, Opinioni, Prezzi del 2022",https://latop10.it/jbl-charge-3-recensione/,Elettronica,Audio portatile
"La Migliore Cassa Bluetooth – Guida all’Acquisto, Classifica 2022",https://latop10.it/migliori-casse-bluetooth/,Elettronica,Audio portatile
"Il Miglior Ricevitore / Trasmettitore Audio Bluetooth (Per TV, Casse o Auto)",https://latop10.it/migliori-ricevitori-audio-bluetooth/,Elettronica,Audio portatile
"La Migliore Radio Digitale (anche Portatili, Dab) – Classifica 2022",https://latop10.it/migliori-radio-digitali/,Elettronica,Audio portatile
"Bose Soundlink Mini 2 – Recensione, Opinioni, Prezzi del 2022",https://latop10.it/bose-soundlink-mini-2-recensione/,Elettronica,Audio portatile
Il Miglior Ricevitore Bluetooth Audio per HiFi – Classifica 2022,https://latop10.it/migliori-ricevitori-bluetooth-audio-per-hi-fi/,Elettronica,Audio portatile
La Miglior Radio Portatile (anche Digitale) – Classifica 2022,https://latop10.it/migliori-radio-portatili/,Elettronica,Audio portatile
"Il Miglior Stereo Portatile – Recensioni, Classifica 2022",https://latop10.it/migliori-stereo-portatili/,Elettronica,Audio portatile
Il Miglior Altoparlante Wireless (Casse Bluetooth) – Classifica 2022,https://latop10.it/migliori-altoparlanti-wireless/,Elettronica,Audio portatile
"La Miglior Radio CD Portatile – Recensioni, Classifica 2022",https://latop10.it/migliori-radio-cd-portatili/,Elettronica,Audio portatile
"La Miglior Radio CD – Recensioni, Classifica 2022",https://latop10.it/migliori-radio-cd/,Elettronica,Audio portatile
"Il Miglior Smart Speaker – Recensioni, Classifica 2022",https://latop10.it/migliori-smart-speaker/,Elettronica,Audio portatile
"La Migliore Radio Vhf Portatile – Recensioni, Classifica 2022",https://latop10.it/migliori-radio-vhf-portatili/,Elettronica,Audio portatile
"La Migliore Radio Bluetooth – Recensioni, Classifica 2022",https://latop10.it/migliori-radio-bluetooth/,Elettronica,Audio portatile
Le Migliori Cuffie Gaming (anche Economiche) – Classifica 2022,https://latop10.it/migliori-cuffie-da-gaming/,Elettronica,Auricolari & Cuffie
I Migliori Auricolari (anche Economici) – Classifica 2022,https://latop10.it/migliori-auricolari/,Elettronica,Auricolari & Cuffie
Le Migliori Cuffie Noise Cancelling – Classifica del 2022,https://latop10.it/migliori-cuffie-noise-cancelling/,Elettronica,Auricolari & Cuffie
"I Migliori Auricolari Bluetooth (Wireless, anche per Sport) del 2022",https://latop10.it/migliori-auricolari-bluetooth/,Elettronica,Auricolari & Cuffie
"Le Migliori Cuffie Wireless da Running (Auricolari Sport, per Correre)",https://latop10.it/migliori-cuffie-wireless-da-running/,Elettronica,Auricolari & Cuffie
I Migliori Auricolari non in Ear – Classifica 2022,https://latop10.it/migliori-auricolari-non-in-ear/,Elettronica,Auricolari & Cuffie
"Le Migliori Cuffie Antirumore (Insonorizzate, per Studiare) del 2022",https://latop10.it/migliori-cuffie-antirumore/,Elettronica,Auricolari & Cuffie
Il Miglior Auricolare Bluetooth Cellular Line – Classifica 2022,https://latop10.it/migliori-auricolari-bluetooth-cellular-line/,Elettronica,Auricolari & Cuffie
La Miglior Cuffia Antirumore da Lavoro – Classifica 2022,https://latop10.it/migliori-cuffie-antirumore-da-lavoro/,Elettronica,Auricolari & Cuffie
"Le Migliori Cuffie Over Ear (Bluetooth) – Recensioni, Classifica 2022",https://latop10.it/migliori-cuffie-over-ear/,Elettronica,Auricolari & Cuffie
"Le Migliori Cuffie Beats by Dr. Dre – Recensioni, Opinioni 2021",https://latop10.it/migliori-cuffie-beats-by-dr-dre/,Elettronica,Auricolari & Cuffie
"I Migliori Auricolari Bluetooth per Samsung – Recensioni, Opinioni 2021",https://latop10.it/migliori-auricolari-bluetooth-per-samsung/,Elettronica,Auricolari & Cuffie
"La Miglior Scheda Madre da Gaming – Recensioni, Classifica 2022",https://latop10.it/migliori-schede-madri-da-gaming/,Elettronica,Auricolari & Cuffie
"Le Migliori Cuffie Bluetooth – Recensioni, Classifica 2022",https://latop10.it/migliori-cuffie-bluetooth/,Elettronica,Auricolari & Cuffie
Le Migliori Cuffie Wireless per TV (senza Fili) – Classifica 2022,https://latop10.it/migliori-cuffie-wireless-per-tv/,Elettronica,Auricolari & Cuffie
Il Miglior Ricevitore Bluetooth per Cuffie – Classifica 2022,https://latop10.it/migliori-ricevitori-bluetooth-per-cuffie/,Elettronica,Auricolari & Cuffie
"Le Migliori Cuffie del 2022 (anche Bluetooth, Economiche, per Musica)",https://latop10.it/migliori-cuffie/,Elettronica,Auricolari & Cuffie
"Le Migliori Cuffie con Microfono – Recensioni, Classifica 2022",https://latop10.it/migliori-cuffie-con-microfono/,Elettronica,Auricolari & Cuffie
Il Miglior Caricabatterie Portatile – Classifica 2022,https://latop10.it/migliori-caricabatterie-portatili/,Elettronica,Caricatore
"Il Miglior Power Bank Solare – Guida all’Acquisto, Classifica 2022",https://latop10.it/migliori-power-bank-solari/,Elettronica,Caricatore
Il Miglior Caricabatteria per Pile Ricaricabili – Classifica 2022,https://latop10.it/migliori-caricabatterie-per-pile-ricaricabili/,Elettronica,Caricatore
"La Migliore Powerbank AUKEY – Recensioni, Opinioni 2021",https://latop10.it/migliori-powerbank-aukey/,Elettronica,Caricatore
"Il Miglior Powerbank da 20 000 mAh – Recensioni, Classifica 2022",https://latop10.it/migliori-powerbank-20-000-mah/,Elettronica,Caricatore
Il Miglior Caricabatterie Portatile per iPhone – Classifica 2022,https://latop10.it/migliori-caricabatterie-portatili-per-iphone/,Elettronica,Caricatore
"Il Miglior Caricabatterie a Induzione – Recensioni, Classifica 2022",https://latop10.it/migliori-caricabatterie-a-induzione/,Elettronica,Caricatore
"Il Miglior Caricatore per Cellulare – Recensioni, Classifica 2022",https://latop10.it/migliori-caricatori-per-cellulare/,Elettronica,Caricatore
"La Migliore Stazione di Ricarica – Recensioni, Classifica 2022",https://latop10.it/migliori-stazioni-di-ricarica/,Elettronica,Caricatore
"La Migliore Batteria Esterna Portatile – Recensioni, Classifica 2022",https://latop10.it/migliori-batterie-esterne-portatili/,Elettronica,Caricatore
"Bose Solo 5 TV – Recensioni, Opinioni, Prezzi del 2022",https://latop10.it/bose-solo-5-tv-recensione/,Elettronica,Casse & Soundbar
"Il Miglior Home Theatre – Guida all’Acquisto, Classifica 2022",https://latop10.it/migliori-home-theatre/,Elettronica,Casse & Soundbar
"Le Migliori Casse per PC – Guida all’Acquisto, Classifica 2022",https://latop10.it/migliori-casse-per-pc/,Elettronica,Casse & Soundbar
La Migliore Soundbar – Quale Scegliere? Classifica 2022,https://latop10.it/migliori-soundbar/,Elettronica,Casse & Soundbar
Il Miglior Stereo Hi-fi Compatto e Mini – Classifica 2022,https://latop10.it/migliori-stereo-hi-fi-compatti/,Elettronica,Casse & Soundbar
"Il Miglior Subwoofer (Attivo, anche per Auto e Casa) del 2022",https://latop10.it/migliori-subwoofer/,Elettronica,Casse & Soundbar
"La Miglior LG Soundbar – Opinioni, Recensioni 2022",https://latop10.it/migliori-lg-soundbar/,Elettronica,Casse & Soundbar
"Le Migliori Casse Acustiche (Diffusori HiFi, Professionali e per Casa)",https://latop10.it/migliori-casse-acustiche/,Elettronica,Casse & Soundbar
Il Miglior Home Theatre Wireless (senza Fili) – Classifica 2022,https://latop10.it/migliori-home-theatre-wireless/,Elettronica,Casse & Soundbar
"La Migliore Soundbar Yamaha – Opinioni, Recensioni 2022",https://latop10.it/migliori-soundbar-yamaha/,Elettronica,Casse & Soundbar
Le Migliori Casse Amplificate (anche Economiche) – Classifica 2022,https://latop10.it/migliori-casse-amplificate/,Elettronica,Casse & Soundbar
"La Miglior Soundbar Samsung – Opinioni, Recensioni 2022",https://latop10.it/migliori-soundbar-samsung/,Elettronica,Casse & Soundbar
La Miglior Cassa Acustica da Esterno – Classifica 2022,https://latop10.it/migliori-casse-acustiche-da-esterno/,Elettronica,Casse & Soundbar
Le Migliori Casse Acustiche da Pavimento – Classifica 2022,https://latop10.it/migliori-casse-acustiche-da-pavimento/,Elettronica,Casse & Soundbar
"La Miglior Soundbar 2.1 – Guida all’Acquisto, Classifica 2022",https://latop10.it/migliori-soundbar-2-1/,Elettronica,Casse & Soundbar
Il Migliore Cassa Amplificata per Karaoke – Classifica 2022,https://latop10.it/migliori-casse-amplificate-per-karaoke/,Elettronica,Casse & Soundbar
"Il Migliore Home Theatre Yamaha – Opinioni, Recensioni 2022",https://latop10.it/migliori-home-theatre-yamaha/,Elettronica,Casse & Soundbar
"Le Migliori Casse Acustiche Passive – Recensioni, Classifica 2022",https://latop10.it/migliori-casse-acustiche-passive/,Elettronica,Casse & Soundbar
Le Migliori Casse Amplificate Attive (Acustiche) – Classifica 2022,https://latop10.it/migliori-casse-amplificate-attive/,Elettronica,Casse & Soundbar
"Il Miglior Home Theatre Bose – Recensioni, Opinioni 2021",https://latop10.it/migliori-home-theatre-bose/,Elettronica,Casse & Soundbar
"Il Miglior Home Theatre Samsung – Recensioni, Opinioni 2021",https://latop10.it/migliori-home-theatre-samsung/,Elettronica,Casse & Soundbar
"Il Migliore Home Theatre 5.1 – Recensioni, Classifica 2022",https://latop10.it/migliori-home-theatre-5-1/,Elettronica,Casse & Soundbar
"Il Miglior Sistema Audio – Recensioni, Classifica 2022",https://latop10.it/migliori-sistemi-audio/,Elettronica,Casse & Soundbar
"La Miglior Soundbar per PC – Recensioni, Classifica 2022",https://latop10.it/migliori-soundbar-per-pc/,Elettronica,Casse & Soundbar
"Il Miglior Sistema Micro HiFi di Sony – Recensioni, Classifica 2022",https://latop10.it/migliori-sistemi-micro-hifi-di-sony/,Elettronica,Casse & Soundbar
"La Miglior Cassa 5.1 – Recensioni, Classifica 2022",https://latop10.it/migliori-casse-5-1/,Elettronica,Casse & Soundbar
"Il Miglior Subwoofer Amplificato – Recensioni, Classifica 2022",https://latop10.it/migliori-subwoofer-amplificati/,Elettronica,Casse & Soundbar
"La Migliore Soundbar LG – Recensioni, Opinioni 2021",https://latop10.it/migliori-soundbar-lg/,Elettronica,Casse & Soundbar
"Il Miglior Cavo HDMI 4K (per TV, PS4, …) del 2022",https://latop10.it/migliori-cavi-hdmi/,Elettronica,Cavo
Il Miglior Cavo VGA HDMI (Convertitore) – Classifica 2022,https://latop10.it/migliori-cavi-vga-hdmi/,Elettronica,Cavo
"Il Miglior Cavo HDMI Micro USB – Guida all’Acquisto, Classifica 2022",https://latop10.it/migliori-cavi-hdmi-micro-usb/,Elettronica,Cavo
Il Miglior Adattatore USB a HDMI – Classifica 2022,https://latop10.it/migliori-adattatori-usb-a-hdmi/,Elettronica,Cavo
"Il Miglior Cavo USB Type C – Guida all’Acquisto, Classifica 2022",https://latop10.it/migliori-cavi-usb-type-c/,Elettronica,Cavo
"Il Miglior Splitter HDMI – Guida all’Acquisto, Classifica 2022",https://latop10.it/migliori-splitter-hdmi/,Elettronica,Cavo
"Il Miglior Cavo USB (anche di Tipo C) – Recensioni, Classifica 2022",https://latop10.it/migliori-cavi-usb/,Elettronica,Cavo
"Il Miglior Cavo da Wii a HDMI – Recensioni, Classifica 2022",https://latop10.it/migliori-cavi-da-wii-a-hdmi/,Elettronica,Cavo
"Il Miglior Cavo HDMI 4K – Recensioni, Classifica 2022",https://latop10.it/migliori-cavi-hdmi-4k/,Elettronica,Cavo
"Il Miglior Cavo USB SATA – Recensioni, Classifica 2022",https://latop10.it/migliori-cavi-usb-sata/,Elettronica,Cavo
La Migliore Scheda Video (per Gaming e Editing 4k) – Classifica 2022,https://latop10.it/migliori-schede-video/,Elettronica,Componenti PC
"La Migliore Scheda Madre – Guida all’Acquisto, Classifica 2022",https://latop10.it/migliori-schede-madri/,Elettronica,Componenti PC
"Il Miglior Processore per PC (anche Potenti, Intel e AMD) del 2022",https://latop10.it/migliori-processori-pc/,Elettronica,Componenti PC
La Migliore Scheda Audio (Esterne o Interne) del 2022,https://latop10.it/migliori-schede-audio/,Elettronica,Componenti PC
"La Miglior Scheda di Rete (WiFi, Wireless, Ethernet, per Fibra)",https://latop10.it/migliori-schede-di-rete/,Elettronica,Componenti PC
Il Miglior Masterizzatore Esterno per PC – Classifica 2022,https://latop10.it/migliori-masterizzatori-esterni/,Elettronica,Componenti PC
Il Miglior Dissipatore CPU (a liquido e ad Aria) del 2022,https://latop10.it/migliori-dissipatori-cpu/,Elettronica,Componenti PC
Il Miglior Hub USB (anche Alimentato) – Classifica 2022,https://latop10.it/migliori-hub-usb/,Elettronica,Componenti PC
La Miglior Ventola CPU Silenziosa – Classifica 2022,https://latop10.it/migliori-ventole-cpu-silenziose/,Elettronica,Componenti PC
Il Miglior Masterizzatore Esterno Blu-ray – Classifica 2022,https://latop10.it/migliori-masterizzatori-esterni-blu-ray/,Elettronica,Componenti PC
La Miglior Batteria per Computer Portatile – Classifica 2022,https://latop10.it/migliori-batterie-per-computer-portatili/,Elettronica,Componenti PC
"La Miglior Webcam (per PC) – Recensioni, Classifica 2022",https://latop10.it/migliori-webcam/,Elettronica,Componenti PC
"Il Miglior Alimentatore per PC – Recensioni, Classifica 2022",https://latop10.it/migliori-alimentatori-per-pc/,Elettronica,Componenti PC
"Il Miglior Modulo RAM da 8 GB – Recensioni, Classifica 2022",https://latop10.it/migliori-moduli-ram-da-8-gb/,Elettronica,Componenti PC
"Il Miglior Case Esterno per Hard Disk (Box) – Recensioni, Classifica 2022",https://latop10.it/migliori-case-esterni-per-hard-disk/,Elettronica,Componenti PC
"Il Miglior Case per PC (anche per Gaming, Economico) – Classifica 2022",https://latop10.it/migliori-case-per-pc/,Elettronica,Componenti PC
"Il Miglior Generatore di Corrente (Gruppi Elettrogeni, anche Silenziati) del 2022",https://latop10.it/migliori-generatori-di-corrente/,Elettronica,Elettricità
Il Miglior Gruppo di Continuità UPS – Classifica 2022,https://latop10.it/migliori-gruppi-di-continuita-ups-2/,Elettronica,Elettricità
"Il Miglior Inverter 12V 220V (per Camper, Auto) – Classifica 2022",https://latop10.it/migliori-inverter-12v-220v/,Elettronica,Elettricità
"Il Miglior Generatore Eolico (anche Portatile, Domestico) del 2022",https://latop10.it/migliori-generatori-eoliche/,Elettronica,Elettricità
Il Miglior Inverter a Onda Pura (Sinusoidale) del 2022,https://latop10.it/migliori-inverter-a-onda-pura/,Elettronica,Elettricità
Il Miglior Trasformatore da 220v a 12v – Classifica 2022,https://latop10.it/migliori-trasformatori-da-220v-a-12v/,Elettronica,Elettricità
Il Miglior Trasformatore da 220v a 110v – Classifica 2022,https://latop10.it/migliori-trasformatori-da-220v-a-110v/,Elettronica,Elettricità
Il Miglior Gruppo di Continuità UPS – Classifica 2022,https://latop10.it/migliori-gruppi-di-continuita-ups/,Elettronica,Elettricità
Il Miglior Gruppo di Continuità per Modem (Router) – Classifica 2022,https://latop10.it/migliori-gruppi-di-continuita-per-modem/,Elettronica,Elettricità
Il Miglior Inverter 12v 220v a Onda Sinusoidale Pura del 2022,https://latop10.it/migliori-inverter-12v-220v-a-onda-sinusoidale-pura/,Elettronica,Elettricità
"Il Miglior Inverter 12V 220V 3000W – Recensioni, Classifica 2022",https://latop10.it/migliori-inverter-12v-220v-3000w/,Elettronica,Elettricità
"Il Miglior Pannello Solare – Recensioni, Classifica 2022",https://latop10.it/migliori-pannelli-solari/,Elettronica,Elettricità
"Il Miglior Stabilizzatore di Tensione – Recensioni, Classifica 2022",https://latop10.it/migliori-stabilizzatore-di-tensione/,Elettronica,Elettricità
"Il Miglior Inverter Fotovoltaico – Recensioni, Classifica 2022",https://latop10.it/migliori-inverter-fotovoltaici/,Elettronica,Elettricità
La Migliore Fotocamera Compatta – Classifica 2022,https://latop10.it/migliori-fotocamere-compatte/,Elettronica,Fotocamera
"La Migliore Fotocamera Reflex – Guida all’Acquisto, Classifica 2022",https://latop10.it/migliori-fotocamere-reflex/,Elettronica,Fotocamera
La Migliore Fotocamera Subacquea del 2022,https://latop10.it/migliori-fotocamere-subacquee/,Elettronica,Fotocamera
La Migliore Macchina Fotografica Istantanea (Polaroid) del 2022,https://latop10.it/migliori-macchine-fotografiche-istantanee/,Elettronica,Fotocamera
La Migliore Macchina Fotografica per Bambini – Classifica 2022,https://latop10.it/migliori-macchine-fotografiche-per-bambini/,Elettronica,Fotocamera
"Polaroid Snap Touch – Recensione, Opinioni, Prezzi del 2022",https://latop10.it/polaroid-snap-touch-recensione/,Elettronica,Fotocamera
La Migliore Macchina Fotografica Digitale – Classifica 2022,https://latop10.it/migliori-macchine-fotografiche-digitali/,Elettronica,Fotocamera
"La Miglior Fotocamera Mirrorless Canon – Recensioni, Classifica 2022",https://latop10.it/migliori-fotocamere-mirrorless-canon/,Elettronica,Fotocamera
"La Miglior Fotocamera Compatta Canon – Recensioni, Classifica 2022",https://latop10.it/migliori-fotocamere-compatte-canon/,Elettronica,Fotocamera
La Miglior Fotocamera Mirrorless Olympus – Recensioni 2022,https://latop10.it/migliori-fotocamere-mirrorless-olympus/,Elettronica,Fotocamera
"La Miglior Fotocamera Subacquea Nikon – Recensioni, Opinioni 2020",https://latop10.it/migliori-fotocamere-subacquee-nikon/,Elettronica,Fotocamera
"La Migliore Fotocamera Compatta Sony – Recensioni, Opinioni 2020",https://latop10.it/migliori-fotocamere-compatte-sony/,Elettronica,Fotocamera
"La Migliore Pellicola Istantanea – Recensioni, Classifica 2022",https://latop10.it/migliori-pellicole-istantanee/,Elettronica,Fotocamera
"La Migliore Carta Fotografica – Recensioni, Classifica 2022",https://latop10.it/migliori-carte-fotografiche/,Elettronica,Fotocamera
Il Miglior Ripetitore di Segnale Wi-Fi (Range Extender) del 2022,https://latop10.it/migliori-ripetitori-wi-fi/,Elettronica,Internet
Il Miglior Router WiFi (anche Potente) – Classifica 2022,https://latop10.it/migliori-router-wi-fi/,Elettronica,Internet
"Il Migliore Powerline WiFi – Guida all’Acquisto, Classifica 2022",https://latop10.it/migliori-powerline-wi-fi/,Elettronica,Internet
"La Migliore Chiavetta Internet (anche 4G, Illimitata) – Classifica 2022",https://latop10.it/migliori-chiavette-internet/,Elettronica,Internet
"La Migliore Antenna Wifi a Lunga Distanza (USB, per PC) del 2022",https://latop10.it/migliori-antenne-wifi-a-lunga-distanza/,Elettronica,Internet
"Il Miglior Extender Wifi (Ripetitore, Amplificatore) del 2022",https://latop10.it/migliori-extender-wifi/,Elettronica,Internet
"Il Miglior Amplificatore di Segnale Wifi (anche Potente,da Esterno)",https://latop10.it/migliori-amplificatori-di-segnale-wifi/,Elettronica,Internet
La Migliore Scheda di Rete WiFi (per PC Fisso o Notebook) del 2022,https://latop10.it/migliori-schede-di-rete-wifi/,Elettronica,Internet
"I Migliori Router 4G (anche Wifi, con SIM) – Classifica 2022",https://latop10.it/migliori-router-4g/,Elettronica,Internet
"Il Miglior Switch HDMI – Guida all’Acquisto, Classifica 2022",https://latop10.it/migliori-switch-hdmi/,Elettronica,Internet
La Miglior Antenna Wi-Fi Lunga Distanza da Esterno – Classifica 2022,https://latop10.it/migliori-antenne-wi-fi-lunga-distanza-da-esterno/,Elettronica,Internet
Il Miglior Ripetitore Wi-Fi da Esterno – Classifica 2022,https://latop10.it/migliori-ripetitori-wi-fi-da-esterno/,Elettronica,Internet
"La Miglior Scheda di Rete Ethernet – Recensioni, Classifica 2022",https://latop10.it/migliori-schede-di-rete-ethernet/,Elettronica,Internet
Il Miglior Switch di Rete (anche con 4 o 8 Porte) – Classifica 2022,https://latop10.it/migliori-switch-di-rete/,Elettronica,Internet
Il Miglior Modem Router (anche WiFi) – Classifica 2022,https://latop10.it/migliori-modem-router/,Elettronica,Internet
La Migliore Antenna WiFi USB a Lunga Distanza – Classifica 2022,https://latop10.it/migliori-antenne-wifi-usb-a-lunga-distanza/,Elettronica,Internet
"Il Miglior Ripetitore di Rete Netgear – Opinioni, Recensioni 2022",https://latop10.it/migliori-ripetitori-di-rete-netgear/,Elettronica,Internet
"Il Miglior Switch di Rete a 8 Porte – Recensioni, Classifica 2022",https://latop10.it/migliori-switch-di-rete-a-8-porte/,Elettronica,Internet
"Il Miglior Ripetitore di Rete TP Link – Recensioni, Opinioni 2021",https://latop10.it/migliori-ripetitori-di-rete-tp-link/,Elettronica,Internet
"Il Migliore Lettore Blu-ray (anche 4K) – Guida all’Acquisto, Classifica 2022",https://latop10.it/migliori-lettori-blu-ray-4k/,Elettronica,Lettore DVD
"Il Migliori Lettori DVD – Guida all’Acquisto, Classifica 2022",https://latop10.it/migliori-lettori-dvd/,Elettronica,Lettore DVD
Il Miglior Lettore DVD per Auto – Classifica 2022,https://latop10.it/migliori-lettori-dvd-per-auto/,Elettronica,Lettore DVD
Il Miglior Lettore Blu-Ray 3D (anche 4K) – Classifica 2022,https://latop10.it/lettori-blu-ray-3d/,Elettronica,Lettore DVD
"Il Miglior Lettore Blu-Ray 4K Nativo – Recensioni, Classifica 2022",https://latop10.it/migliori-lettori-blu-ray-4k-nativi/,Elettronica,Lettore DVD
"Il Miglior Lettore Blu Ray LG – Recensioni, Opinioni 2020",https://latop10.it/migliori-lettori-blu-ray-lg/,Elettronica,Lettore DVD
"Il Miglior Lettore DVD Portatile – Recensioni, Classifica 2022",https://latop10.it/migliori-lettori-dvd-portatili/,Elettronica,Lettore DVD
"La Migliore Tastiera da Gaming – Guida all’Acquisto, Classifica 2022",https://latop10.it/migliori-tastiere-da-gaming/,Elettronica,Mouse & Tastiera
"Il Miglior Mouse Gaming (anche Economico, Cablato o Wireless)",https://latop10.it/migliori-mouse-da-gaming/,Elettronica,Mouse & Tastiera
"Il Miglior Mouse Verticale (anche Ergonomici) – Opinioni, Classifica 2022",https://latop10.it/migliori-mouse-verticali/,Elettronica,Mouse & Tastiera
"La Migliore Tastiera Wireless (senza Fili, con Bluetooth, Retroilluminate)",https://latop10.it/migliori-tastiere-wireless/,Elettronica,Mouse & Tastiera
"Il Migliore Mouse Wireless (senza Fili, Bluetooth) – Classifica 2022",https://latop10.it/migliori-mouse-wireless/,Elettronica,Mouse & Tastiera
La Migliore Tastiera Compatibile con Mac – Classifica 2022,https://latop10.it/migliori-tastiere-per-mac/,Elettronica,Mouse & Tastiera
La Migliore Tastiera Bluetooth (anche per Tablet) del 2022,https://latop10.it/migliori-tastiere-bluetooth/,Elettronica,Mouse & Tastiera
"La Miglior Tastiera per iPad – Recensioni, Classifica 2022",https://latop10.it/migliori-tastiere-per-ipad/,Elettronica,Mouse & Tastiera
"La Miglior Tastiera per PC – Guida all’Acquisto, Classifica 2022",https://latop10.it/migliori-tastiere-per-pc/,Elettronica,Mouse & Tastiera
"Il Miglior Mouse con Trackball – Guida all’Acquisto, Classifica 2022",https://latop10.it/migliori-mouse-con-trackball/,Elettronica,Mouse & Tastiera
"La Miglior Mini Tastiera Wireless – Recensioni, Classifica 2022",https://latop10.it/migliori-mini-tastiere-wireless/,Elettronica,Mouse & Tastiera
"Il Miglior Mouse – Recensioni, Classifica 2022",https://latop10.it/migliori-mouse/,Elettronica,Mouse & Tastiera
"Il Miglior Obiettivo Nikon – Guida all’Acquisto, Classifica 2022",https://latop10.it/migliori-obiettivi-nikon/,Elettronica,Obbietivo
"Il Miglior Obiettivo Nikon DX – Guida all’Acquisto, Classifica 2022",https://latop10.it/migliori-obiettivi-nikon-dx/,Elettronica,Obbietivo
Il Miglior Obiettivo Nikon FX (Full Frame) – Classifica 2022,https://latop10.it/migliori-obiettivi-nikon-fx/,Elettronica,Obbietivo
"Il Migliore Obiettivo Nikon 70-300 mm – Recensioni, Classifica 2022",https://latop10.it/migliori-obiettivi-nikon-70-300-mm/,Elettronica,Obbietivo
Il Miglior Obiettivo Canon (anche Tuttofare) – Classifica 2022,https://latop10.it/migliori-obiettivi-canon/,Elettronica,Obbietivo
"Il Miglior Obiettivo Canon 18-55 – Recensioni, Classifica 2022",https://latop10.it/migliori-obiettivi-canon-18-55/,Elettronica,Obbietivo
"Il Miglior Teleobiettivo – Recensioni, Classifica 2022",https://latop10.it/migliori-teleobiettivi/,Elettronica,Obbietivo
Qual è il Miglior Computer / PC Portatile (Notebook)? Confronto 2021,https://latop10.it/miglior-computer-pc-portatile/,Elettronica,PC
"Il Miglior PC All in One – Guida all’Acquisto, Classifica 2022",https://latop10.it/migliori-pc-all-in-one/,Elettronica,PC
I 7 Migliori Notebook Convertibili 2 in 1 (anche Economici) del 2022,https://latop10.it/migliori-notebook-convertibile/,Elettronica,PC
"Il Miglior Monitor PC (per Casa, Ufficio o Gaming) del 2022",https://latop10.it/migliori-monitor-pc/,Elettronica,PC
"Il Miglior Antivirus (a Pagamento o Gratis, per Windows o Macbook)",https://latop10.it/migliori-antivirus/,Elettronica,PC
La Migliore Base di Raffreddamento per Notebook – Classifica 2022,https://latop10.it/migliori-basi-di-raffreddamento-per-notebook/,Elettronica,PC
Il Miglior Computer Fisso (PC Desktop) – Classifica 2022,https://latop10.it/migliori-computer-fissi/,Elettronica,PC
"Il Miglior Monitor Gaming (anche Economico, 4K, 2K) + Recensioni",https://latop10.it/migliori-monitor-da-gaming/,Elettronica,PC
"Qual è il Miglior PC Fisso da Gaming? – Anche Economici, Recensioni, Prezzi del 2022",https://latop10.it/migliori-pc-fissi-da-gaming/,Elettronica,PC
"Il Miglior Notebook con SSD (anche Processore i5, i7) del 2022",https://latop10.it/migliori-notebook-con-ssd/,Elettronica,PC
"Il Miglior Computer Portatile Asus (Notebook) – Opinioni, Recensioni",https://latop10.it/migliori-computer-portatili-asus/,Elettronica,PC
"Il Miglior Computer Portatile Dell (Notebook) – Opinioni, Recensioni 2022",https://latop10.it/migliori-computer-portatili-dell/,Elettronica,PC
Il Miglior Monitor Touch Screen – Classifica 2022,https://latop10.it/migliori-monitor-touch-screen/,Elettronica,PC
Il Miglior Notebook da 17 Pollici (Computer Portatili) del 2022,https://latop10.it/migliori-notebook-17-pollici/,Elettronica,PC
Il Miglior PC Desktop i7 (Computer Fisso) – Classifica 2022,https://latop10.it/migliori-pc-desktop-i7/,Elettronica,PC
"Il Miglior Computer Portatile HP (Notebook) – Opinioni, Recensioni 2022",https://latop10.it/migliori-computer-portatile-hp/,Elettronica,PC
Il Miglior Computer Fisso Completo (PC Desktop con Monitor) del 2022,https://latop10.it/migliori-computer-fissi-completi/,Elettronica,PC
Il Miglior Mini Computer Portatile (Notebook Piccolo) del 2022,https://latop10.it/migliori-mini-computer-portatili/,Elettronica,PC
"Il Miglior Notebook da 13 Pollici (Computer, PC Portatili) del 2022",https://latop10.it/migliori-notebook-13-pollici/,Elettronica,PC
Il Miglior Notebook SSD i7 (Computer Portatile) del 2022,https://latop10.it/migliori-notebook-ssd-i7/,Elettronica,PC
Il Miglior Notebook i5 (Computer Portatile) – Classifica 2022,https://latop10.it/migliori-notebook-i5/,Elettronica,PC
"Il Miglior Chromebook – Guida all’Acquisto, Classifica 2022",https://latop10.it/migliori-chromebook/,Elettronica,PC
Il Miglior Computer Portatile Toshiba – Classifica 2022,https://latop10.it/migliori-computer-portatili-toshiba/,Elettronica,PC
Il Miglior Computer Portatile Samsung – Classifica 2022,https://latop10.it/miglior-computer-portatile-samsung/,Elettronica,PC
Il Miglior Portatile da Gaming (anche Economici) – Classifica 2022,https://latop10.it/migliori-portatili-da-gaming/,Elettronica,PC
Il Miglior Computer Portatile Acer – Classifica 2022,https://latop10.it/migliori-computer-portatili-acer/,Elettronica,PC
"Il Miglior Server Nas (anche Domestico, Casalingo) – Classifica 2022",https://latop10.it/migliori-server-nas/,Elettronica,PC
Il Miglior PC All in One Lenovo – Classifica 2022,https://latop10.it/migliori-pc-all-in-one-lenovo/,Elettronica,PC
"Il Miglior Barebone – Guida all’Acquisto, Classifica 2022",https://latop10.it/migliori-barebone/,Elettronica,PC
Il Miglior Notebook da 13 Pollici i7 – Classifica 2022,https://latop10.it/migliori-notebook-13-pollici-i7/,Elettronica,PC
"Il Miglior PC All in One i7 – Recensioni, Classifica 2022",https://latop10.it/migliori-pc-all-in-one-i7/,Elettronica,PC
"Il Miglior PC da Gaming i7 – Recensioni, Classifica 2022",https://latop10.it/migliori-pc-da-gaming-i7/,Elettronica,PC
"Il Miglior Notebook Asus i3 – Recensioni, Classifica 2022",https://latop10.it/migliori-notebook-asus-i3/,Elettronica,PC
Il Miglior Computer Desktop HP (PC Fisso) – Classifica 2022,https://latop10.it/migliori-computer-desktop-hp/,Elettronica,PC
"Il Miglior Supporto per PC Portatile – Recensioni, Classifica 2022",https://latop10.it/migliori-supporti-per-pc-portatile/,Elettronica,PC
"Il Miglior Notebook da Gaming – Recensioni, Classifica 2022",https://latop10.it/migliori-notebook-da-gaming/,Elettronica,PC
"Il Miglior Localizzatore Satellitare (GPS Tracker) senza Sim (per Auto, Cane o Gatto)",https://latop10.it/migliori-localizzatori-satellitari/,Elettronica,Piccoli dispositivi
Il Miglior Levapelucchi Elettrici (anche Professionali) del 2022,https://latop10.it/migliori-levapelucchi-elettrici/,Elettronica,Piccoli dispositivi
"La Migliore Microcamera Spia (anche senza Fili, Lunga Durata)",https://latop10.it/migliori-microcamere-spia/,Elettronica,Piccoli dispositivi
Il Miglior Collare GPS per Cani e Gatti – Classifica 2022,https://latop10.it/migliori-collari-gps/,Elettronica,Piccoli dispositivi
Il Migliore GPS Portatile (anche per Trekking) – Classifica 2022,https://latop10.it/migliori-gps-portatili/,Elettronica,Piccoli dispositivi
Il Miglior Localizzatore GPS Spia – Classifica 2022,https://latop10.it/migliori-localizzatori-gps-spia/,Elettronica,Piccoli dispositivi
La Miglior Mini Telecamera Spia Wi-Fi (Microcamere) – Classifica 2022,https://latop10.it/migliori-mini-telecamere-spia-wifi/,Elettronica,Piccoli dispositivi
La Migliore Presa Intelligente WiFi – Classifica 2022,https://latop10.it/migliori-prese-intelligenti-wi-fi/,Elettronica,Presa
Il Miglior Adattatore per Presa Inglese – Classifica 2022,https://latop10.it/migliori-adattatori-per-presa-inglese/,Elettronica,Presa
Il Miglior Adattatore Powerline (Wi-Fi) – Classifica 2022,https://latop10.it/migliori-adattatori-powerline/,Elettronica,Presa
Il Miglior Adattatore Americano – Classifica 2022,https://latop10.it/migliori-adattatori-americani/,Elettronica,Presa
"La Miglior Presa con Telecomando – Recensioni, Classifica 2022",https://latop10.it/migliori-prese-con-telecomando/,Elettronica,Presa
La Miglior Multipresa (Ciabatta Elettrica) – Classifica 2022,https://latop10.it/migliori-multiprese/,Elettronica,Presa
Il Miglior Proiettore (anche Economico) – Classifica 2022,https://latop10.it/migliori-proiettori/,Elettronica,Proiettore
"Il Miglior Proiettore Portatile (Mini, anche Full HD) del 2022",https://latop10.it/migliori-proiettori-portatili/,Elettronica,Proiettore
"Il Miglior Videoproiettore LED – Guida all’Acquisto, Classifica 2022",https://latop10.it/migliori-videoproiettori-led/,Elettronica,Proiettore
"Il Miglior Mini Proiettore (anche Portatile, Full HD, 4K) del 2022",https://latop10.it/migliori-mini-proiettori/,Elettronica,Proiettore
Il Miglior Proiettore Portatile 4k (anche Economico) del 2022,https://latop10.it/migliori-proiettori-portatili-4k/,Elettronica,Proiettore
Il Miglior Proiettore di Luci Natalizie (per Esterno) del 2022,https://latop10.it/migliori-proiettori-di-luci-di-natale/,Elettronica,Proiettore
"Il Miglior Proiettore Full HD – Recensioni, Classifica 2022",https://latop10.it/migliori-proiettori-full-hd/,Elettronica,Proiettore
Il Miglior Proiettore 4K (anche Economici) – Classifica 2022,https://latop10.it/migliori-proiettori-4k/,Elettronica,Proiettore
Il Miglior Mini Proiettore per Smartphone (Portatile) del 2022,https://latop10.it/migliori-mini-proiettori-per-smartphone/,Elettronica,Proiettore
"La Miglior Radiosveglia con Proiettore – Recensioni, Classifica 2022",https://latop10.it/migliori-radiosveglie-con-proiettore/,Elettronica,Proiettore
"Il Miglior Proiettore Epson – Recensioni, Opinioni, Classifica 2022",https://latop10.it/migliori-proiettori-epson/,Elettronica,Proiettore
"Il Miglior Mini Proiettore WiFi – Recensioni, Classifica 2022",https://latop10.it/migliori-mini-proiettori-wifi/,Elettronica,Proiettore
"Il Miglior Proiettore Verticale – Recensioni, Classifica 2022",https://latop10.it/migliori-proiettori-verticali/,Elettronica,Proiettore
"Il Miglior Registratore Vocale (per Università, Spia …) del 2022",https://latop10.it/migliori-registratori-vocali/,Elettronica,Registratore
"Il Miglior Videoregistratore (anche VHS Nuovo e DVD, Digitali) del 2022",https://latop10.it/migliori-videoregistratori/,Elettronica,Registratore
Il Miglior Videoregistratore Digitale per TV – Classifica 2022,https://latop10.it/migliori-registratori-per-tv/,Elettronica,Registratore
"Il Miglior Registratore Vocale Spia (anche Mini, Economici)",https://latop10.it/migliori-registratori-vocali-spia/,Elettronica,Registratore
Il Miglior Videoregistratore VHS (anche Nuovi) – Classifica 2022,https://latop10.it/migliori-videoregistratori-vhs/,Elettronica,Registratore
Il Miglior Registratore Cassette – Classifica 2022,https://latop10.it/migliori-registratori-cassette/,Elettronica,Registratore
"Il Miglior Masterizzatore DVD-RW – Recensioni, Classifica 2022",https://latop10.it/migliori-masterizzatori-dvd-rw/,Elettronica,Registratore
"Il Miglior Videoregistratore Digitale – Recensioni, Classifica 2022",https://latop10.it/migliori-videoregistratori-digitali/,Elettronica,Registratore
"Il Miglior Registratore Vocale Sony – Recensioni, Opinioni 2021",https://latop10.it/migliori-registratori-vocali-sony/,Elettronica,Registratore
Il Miglior Registratore Vocale Professionale – Classifica 2022,https://latop10.it/migliori-registratori-vocali-professionali/,Elettronica,Registratore
"Il Miglior Smartwatch del 2022 – Ottimo Rapporto Qualità-Prezzo, Recensioni",https://latop10.it/migliori-smartwatch/,Elettronica,Smartwatch
"Samsung Gear S3 Frontier – Recensione, Opinioni, Prezzi del 2022",https://latop10.it/samsung-gear-s3-frontier-recensione/,Elettronica,Smartwatch
"Huawei Watch 2 – Recensione, Opinioni, Prezzi del 2022",https://latop10.it/huawei-watch-2-recensione/,Elettronica,Smartwatch
"Il Miglior Orologio Smartwatch (anche per Android, iOS) del 2022",https://latop10.it/migliori-orologi-smartwatch/,Elettronica,Smartwatch
"Il Miglior Orologio Smartwatch U8 – Recensioni, Classifica 2022",https://latop10.it/migliori-orologi-smartwatch-u8/,Elettronica,Smartwatch
Il Miglior Orologio Intelligente – Classifica 2022,https://latop10.it/migliori-orologi-intelligenti/,Elettronica,Smartwatch
"Il Miglior Smartwatch per Bambini – Recensioni, Classifica 2022",https://latop10.it/migliori-smartwatch-per-bambini/,Elettronica,Smartwatch
Il Miglior Orologio Smartwatch Bluetooth – Classifica 2022,https://latop10.it/migliori-orologi-smartwatch-bluetooth/,Elettronica,Smartwatch
"Il Miglior Smartwatch Samsung – Recensioni, Opinioni 2021",https://latop10.it/migliori-smartwatch-samsung/,Elettronica,Smartwatch
La Migliore Stampante 3D Economica – Classifica 2022,https://latop10.it/migliori-stampanti-3d-economiche/,Elettronica,Stampante & Scanner
La Migliore Stampante Multifunzione – Classifica 2022,https://latop10.it/migliori-stampanti-multifunzione/,Elettronica,Stampante & Scanner
"La Migliore Stampante Laser – Guida all’Acquisto, Classifica 2022",https://latop10.it/migliori-stampanti-laser/,Elettronica,Stampante & Scanner
La Migliore Stampante Fotografica – Classifica 2022,https://latop10.it/migliori-stampanti-fotografiche/,Elettronica,Stampante & Scanner
Il Miglior Scanner per Diapositive – Classifica 2022,https://latop10.it/migliori-scanner-per-diapositive/,Elettronica,Stampante & Scanner
"Il Miglior Scanner Portatile – Guida all’Acquisto, Classifica 2022",https://latop10.it/migliori-scanner-portatili/,Elettronica,Stampante & Scanner
"La Migliore Stampante Portatile (Mini, Piccole e per Smartphone)",https://latop10.it/migliori-stampanti-portatili/,Elettronica,Stampante & Scanner
La Migliore Fotocopiatrice (anche Professionale) del 2022,https://latop10.it/migliori-fotocopiatrici/,Elettronica,Stampante & Scanner
"Il Migliore Scanner 3D (anche Economico, Portatile) del 2022",https://latop10.it/migliori-scanner-3d/,Elettronica,Stampante & Scanner
La Migliore Stampante Multifunzione WiFi – Classifica 2022,https://latop10.it/migliori-stampanti-multifunzioni-wifi/,Elettronica,Stampante & Scanner
"Il Miglior Scanner (anche per Negativi, Documenti, Libri)",https://latop10.it/migliori-scanner/,Elettronica,Stampante & Scanner
"La Migliore Stampante (anche Multifunzione, Laser, Inkjet, con Wi-Fi)",https://latop10.it/migliori-stampanti/,Elettronica,Stampante & Scanner
"La Migliore Stampante Samsung Multifunzione – Opinioni, Recensioni 2022",https://latop10.it/migliori-stampanti-samsung-multifunzioni/,Elettronica,Stampante & Scanner
"La Migliore Stampante Epson – Opinioni, Recensioni 2022",https://latop10.it/migliori-stampanti-epson/,Elettronica,Stampante & Scanner
La Miglior Stampante Fotografica Portatile – Classifica 2022,https://latop10.it/migliori-stampanti-fotografiche-portatili/,Elettronica,Stampante & Scanner
"La Miglior Stampante per Etichette – Recensioni, Classifica 2022",https://latop10.it/migliori-stampanti-per-etichette/,Elettronica,Stampante & Scanner
La Miglior Stampante Laser Wireless (WiFi) – Classifica 2022,https://latop10.it/migliori-stampanti-laser-wireless/,Elettronica,Stampante & Scanner
"La Miglior Stampante a LED – Recensioni, Classifica 2022",https://latop10.it/migliori-stampanti-a-led/,Elettronica,Stampante & Scanner
Il Miglior Inchiostro per Stampante (Cartucce) – Classifica 2022,https://latop10.it/migliori-inchiostri-per-stampanti/,Elettronica,Stampante & Scanner
La Migliore Stampante Fotografica Canon – Recensioni 2022,https://latop10.it/migliori-stampanti-fotografiche-canon/,Elettronica,Stampante & Scanner
"Il Miglior Kit per Stampante 3D – Recensioni, Classifica 2022",https://latop10.it/migliori-kit-per-stampanti-3d/,Elettronica,Stampante & Scanner
"Il Miglior Filamento per Stampante 3D – Recensioni, Classifica 2022",https://latop10.it/migliori-filamenti-per-stampanti-3d/,Elettronica,Stampante & Scanner
"Il Miglior Toner per Stampante – Recensioni, Classifica 2022",https://latop10.it/migliori-toner-per-stampante/,Elettronica,Stampante & Scanner
"La Migliore Stampante Inkjet – Recensioni, Classifica 2022",https://latop10.it/migliori-stampanti-inkjet/,Elettronica,Stampante & Scanner
"La Miglior Radiosveglia (anche Digitali, da Comodino) del 2022",https://latop10.it/migliori-radiosveglie/,Elettronica,Sveglia
La Migliore Sveglia da Comodino (anche Digitale) – Classifica 2022,https://latop10.it/migliori-sveglie-da-comodino/,Elettronica,Sveglia
"La Migliore Radiosveglia Oregon – Opinioni, Recensioni 2022",https://latop10.it/migliori-radiosveglie-oregon/,Elettronica,Sveglia
"La Miglior Sveglia Oregon – Recensioni, Opinioni 2021",https://latop10.it/migliori-sveglie-oregon/,Elettronica,Sveglia
"La Migliore Sveglia Parlante – Recensioni, Classifica 2022",https://latop10.it/migliori-sveglie-parlanti/,Elettronica,Sveglia
"Il Miglior Tablet Windows – Guida all’Acquisto, Classifica 2022",https://latop10.it/migliori-tablet-windows/,Elettronica,Tablet & eReader
"Il Miglior eReader – Recensioni, Opinioni, Classifica 2022",https://latop10.it/migliori-ereader/,Elettronica,Tablet & eReader
"Il Miglior Tablet Samsung del 2022 + Opinioni, Recensioni",https://latop10.it/migliori-tablet-samsung/,Elettronica,Tablet & eReader
"Il Miglior Tablet (anche Android, Top Rapporto Qualità Prezzo)",https://latop10.it/migliori-tablet/,Elettronica,Tablet & eReader
"Il Miglior Ebook Reader Sony – Opinioni, Recensioni, Prezzi 2020",https://latop10.it/migliori-ebook-reader-sony/,Elettronica,Tablet & eReader
"Il Miglior Tablet Asus – Guida all’Acquisto, Classifica 2022",https://latop10.it/migliori-tablet-asus/,Elettronica,Tablet & eReader
"La Miglior Tablet PC (2 in 1, Convertibile) – Classifica 2022",https://latop10.it/migliori-tablet-pc/,Elettronica,Tablet & eReader
"Il Miglior Supporto Tablet – Guida all’Acquisto, Classifica 2022",https://latop10.it/migliori-supporti-tablet/,Elettronica,Tablet & eReader
Il Miglior Supporto per Tablet da Letto – Classifica 2022,https://latop10.it/migliori-supporti-per-tablet-da-letto/,Elettronica,Tablet & eReader
"La Miglior Custodia per Kindle (Cover) – Recensioni, Classifica 2022",https://latop10.it/migliori-custodie-per-kindle/,Elettronica,Tablet & eReader
"Il Miglior Kindle Ebook Reader – Classifica, Recensioni 2022",https://latop10.it/migliori-kindle-ebook-reader/,Elettronica,Tablet & eReader
"Il Miglior Supporto Tablet per Auto – Recensioni, Classifica 2022",https://latop10.it/migliori-supporti-tablet-per-auto/,Elettronica,Tablet & eReader
"Il Miglior Tablet Economico – Recensioni, Classifica 2022",https://latop10.it/migliori-tablet-economici/,Elettronica,Tablet & eReader
"Il Miglior iPad – Recensioni, Opinioni, Classifica 2022",https://latop10.it/migliori-ipad/,Elettronica,Tablet & eReader
"La Migliore Custodia per Tablet – Recensioni, Classifica 2022",https://latop10.it/migliori-custodie-per-tablet/,Elettronica,Tablet & eReader
Il Miglior Telefono Cordless (anche Duo) – Classifica 2022,https://latop10.it/migliori-telefoni-cordless/,Elettronica,Telefono
Il Miglior Salvavita per Anziani – Classifica 2022,https://latop10.it/migliori-salvavita-per-anziani/,Elettronica,Telefono
Il Miglior Telefono Fisso (anche per Anziani) – Classifica 2022,https://latop10.it/migliori-telefoni-fissi/,Elettronica,Telefono
Il Miglior Smartphone in Commercio del 2022 (Top Qualità Prezzo),https://latop10.it/migliori-smartphone/,Elettronica,Telefono
Il Miglior Cellulare per Anziani (Telefoni anche con Tasti Grandi),https://latop10.it/migliori-cellulari-per-anziani/,Elettronica,Telefono
Il Miglior Phablet / Smartphone di 7 Pollici – Classifica 2022,https://latop10.it/migliori-phablet-di-7-pollici/,Elettronica,Telefono
"Il Miglior Combinatore Telefonico GSM (anche Universale, Economico)",https://latop10.it/migliori-combinatori-telefonici-gsm/,Elettronica,Telefono
"Il Miglior Cordless Duo – Guida all’Acquisto, Classifica 2022",https://latop10.it/migliori-cordless-duo/,Elettronica,Telefono
"Huawei Nova Young – Recensione, Opinioni, Prezzi del 2022",https://latop10.it/huawei-nova-young-recensione/,Elettronica,Telefono
"Huawei P9 Lite – Recensione, Opinioni, Prezzi del 2022",https://latop10.it/huawei-p9-lite-recensione/,Elettronica,Telefono
"Honor 9 Lite – Recensione, Opinioni, Prezzi del 2022",https://latop10.it/honor-9-lite-recensione/,Elettronica,Telefono
"La Migliore Batteria Esterna (per Smartphone, Cellulare) del 2022",https://latop10.it/migliori-batterie-esterne/,Elettronica,Telefono
La Miglior Pellicola Protettiva per iPhone – Classifica 2022,https://latop10.it/migliori-pellicole-protettive-per-iphone/,Elettronica,Telefono
"Il Miglior Telefono VoIP (WiFi) – Recensioni, Classifica 2022",https://latop10.it/migliori-telefoni-voip/,Elettronica,Telefono
"La Migliore Cover per Smartphone – Recensioni, Classifica 2022",https://latop10.it/migliori-cover-per-smartphone/,Elettronica,Telefono
"La Miglior Custodia per Cellulare – Recensioni, Classifica 2022",https://latop10.it/migliori-custodie-per-cellulare/,Elettronica,Telefono
"Il Miglior Huawei – Recensioni, Opinioni, Classifica 2022",https://latop10.it/migliori-huawei/,Elettronica,Telefono
"Il Miglior iPhone – Recensioni, Opinioni, Classifica 2022",https://latop10.it/migliori-iphone/,Elettronica,Telefono
"Il Miglior Smartphone Samsung – Recensioni, Opinioni Classifica 2022",https://latop10.it/migliori-smartphone-samsung/,Elettronica,Telefono
Il Miglior Supporto Smartphone per Auto – Classifica 2022,https://latop10.it/migliori-supporti-smartphone-per-auto/,Elettronica,Telefono
"La Migliore Marca TV 4K – Guida all’Acquisto, Classifica 2022",https://latop10.it/migliore-marca-tv-4k/,Elettronica,TV
La Miglior Smart TV da 32 Pollici (anche 4K) – Classifica 2022,https://latop10.it/migliori-tv-32-pollici/,Elettronica,TV
"La Migliore TV 4K a Confronto – Guida all’Acquisto, Classifica 2022",https://latop10.it/migliori-tv-4k/,Elettronica,TV
"La Migliore Smart TV – Opinioni, Recensioni, Classifica 2022",https://latop10.it/migliori-smart-tv/,Elettronica,TV
"Il Miglior Smart TV Box (Android, IPTV, Google, … ) del 2022",https://latop10.it/migliori-tv-box/,Elettronica,TV
"La Migliore TV OLED (anche 4K) – Guida all’Acquisto, Classifica 2022",https://latop10.it/migliori-tv-oled/,Elettronica,TV
La Migliore Smart TV da 40 Pollici (anche 4K) – Recensioni 2022,https://latop10.it/migliori-smart-tv-da-40-pollici/,Elettronica,TV
Il Miglior Telecomando Universale per TV – Classifica 2022,https://latop10.it/migliori-telecomandi-universali-per-tv/,Elettronica,TV
La Migliore TV Samsung da 55 Pollici 4K – Recensioni 2022,https://latop10.it/migliori-tv-samsung-4k-da-55-pollici/,Elettronica,TV
"Il Migliore TV LED (anche Full HD, 4K) – Classifica 2022",https://latop10.it/migliori-tv-led/,Elettronica,TV
"La Migliore TV 4K con 3D – Opinioni, Recensioni, Prezzi",https://latop10.it/migliori-tv-4k-con-3d/,Elettronica,TV
La Migliore TV 55 Pollici (anche Smart) – Classifica 2022,https://latop10.it/migliori-tv-55-pollici/,Elettronica,TV
La Migliore TV Portatile (Mini Televisore) – Classifica 2022,https://latop10.it/migliori-tv-portatili/,Elettronica,TV
"La Miglior TV 4K da 49 Pollici – Recensioni, Classifica 2022",https://latop10.it/migliori-tv-4k-da-49-pollici/,Elettronica,TV
La Migliore TV da 22 Pollici (anche Smart) – Classifica 2022,https://latop10.it/migliori-tv-da-22-pollici/,Elettronica,TV
"La Migliore TV Box Android + Opinioni, Recensioni 2022",https://latop10.it/migliori-tv-box-android/,Elettronica,TV
"La Miglior TV (anche Smart, 4K, 55 Pollici, 49 Pollici) – Classifica 2022",https://latop10.it/migliori-tv/,Elettronica,TV
La Miglior TV LED da 50 Pollici (anche 4K) – Classifica 2022,https://latop10.it/migliori-tv-led-da-50-pollici/,Elettronica,TV
"La Miglior Smart TV Box x96 – Guida all’Acquisto, Classifica 2022",https://latop10.it/migliori-smart-tv-box-x96/,Elettronica,TV
La Migliore TV da 24 Pollici (anche Smart e Full HD) del 2022,https://latop10.it/migliori-tv-da-24-pollici/,Elettronica,TV
"La Migliore Smart TV Samsung da 40 Pollici – Opinioni, Recensioni 2022",https://latop10.it/migliori-smart-tv-samsung-da-40-pollici/,Elettronica,TV
"La Migliore TV 4K LG – Opinioni, Recensioni 2022",https://latop10.it/migliori-tv-4k-lg/,Elettronica,TV
La Migliore Smart TV da 28 Pollici (anche Full HD) – Classifica 2022,https://latop10.it/migliori-smart-tv-da-28-pollici/,Elettronica,TV
"La Migliore TV 3D (anche Smart, 4K, Passivo) del 2022",https://latop10.it/migliori-tv-3d/,Elettronica,TV
"La Miglior Smart TV 4K – Guida all’Acquisto, Classifica 2022",https://latop10.it/migliori-smart-tv-4k/,Elettronica,TV
"La Miglior TV da 32 Pollici Full HD – Recensioni, Classifica 2022",https://latop10.it/migliori-tv-da-32-pollici-full-hd/,Elettronica,TV
"La Migliore TV da 40 Pollici 4K – Recensioni, Classifica 2022",https://latop10.it/migliori-tv-da-40-pollici-4k/,Elettronica,TV
"La Migliore TV LED da 43 Pollici (anche Smart, 4K) – Classifica 2022",https://latop10.it/migliori-tv-led-da-43-pollici/,Elettronica,TV
"Il Miglior Televisore da 20 Pollici – Recensioni, Classifica 2022",https://latop10.it/migliori-televisori-da-20-pollici/,Elettronica,TV
Il Miglior Televisore Samsung da 32 Pollici – Classifica 2022,https://latop10.it/migliori-televisori-samsung-da-32-pollici/,Elettronica,TV
"La Miglior TV 4K Sony – Recensioni, Opinioni 2021",https://latop10.it/migliori-tv-4k-sony/,Elettronica,TV
"La Miglior TV OLED 4K – Recensioni, Classifica 2022",https://latop10.it/la-miglior-tv-oled-4k-recensioni-classifica-2020/,Elettronica,TV
"La Miglior Smart TV Samsung (anche 4K) – Recensioni, Opinioni 2021",https://latop10.it/migliori-smart-tv-samsung/,Elettronica,TV
"La Miglior Smart TV 3D – Recensioni, Classifica 2022",https://latop10.it/migliori-smart-tv-3d/,Elettronica,TV
"La Miglior TV LED Samsung (anche 4K) – Recensioni, Opinioni 2021",https://latop10.it/migliori-tv-led-samsung/,Elettronica,TV
"La Migliore Videocamera 4K – Guida all’Acquisto, Classifica 2022",https://latop10.it/migliori-videocamere-4k/,Elettronica,Videocamera
La Migliore Videocamera Full HD (anche Economiche) del 2022,https://latop10.it/migliori-videocamere-full-hd/,Elettronica,Videocamera
La Migliore Action Cam (anche Economica) – Recensioni 2022,https://latop10.it/migliori-action-cam/,Elettronica,Videocamera
La Miglior Videocamera Digitale – Classifica 2022,https://latop10.it/migliori-videocamere-digitali/,Elettronica,Videocamera
La Migliore Videocamera (anche 4K e Professionale) del 2022,https://latop10.it/migliori-videocamere/,Elettronica,Videocamera
La Migliore Action Cam 4K (Ultra HD) – Classifica 2022,https://latop10.it/migliori-action-cam-4k/,Elettronica,Videocamera
"Apeman A80 – Recensione, Opinioni, Prezzi del 2022",https://latop10.it/apeman-a80-recensione/,Elettronica,Videocamera
La Miglior Videocamera Sportiva (anche Economiche) – Classifica 2022,https://latop10.it/migliori-videocamere-sportive/,Elettronica,Videocamera
La Miglior Action Cam Subacquea – Classifica 2022,https://latop10.it/migliori-action-cam-subacquee/,Elettronica,Videocamera
"La Migliore Videocamera Canon – Recensioni, Opinioni 2021",https://latop10.it/migliori-videocamere-canon/,Elettronica,Videocamera
La Miglior Videocamera per Droni (Telecamera) – Classifica 2022,https://latop10.it/migliori-videocamere-per-droni/,Elettronica,Videocamera
"La Miglior Videocamera Sony – Recensioni, Opinioni 2021",https://latop10.it/migliori-videocamere-sony/,Elettronica,Videocamera
"La Migliore Videocamera JVC – Opinioni, Recensioni 2022",https://latop10.it/migliori-videocamere-jvc/,Elettronica,Videocamera
