link,name,rating,price
https://www.thewhiskyexchange.com//p/23772/yamazaki-distillers-reserve,Yamazaki Distiller's Reserve,4.5(54 Reviews),£72.95
https://www.thewhiskyexchange.com//p/23928/nikka-coffey-grain-whisky,Nikka Coffey Grain Whisky,4.5(52 Reviews),£57.95
https://www.thewhiskyexchange.com//p/37317/the-chita-whisky,The Chita Whisky,4.5(42 Reviews),£51.95
https://www.thewhiskyexchange.com//p/67806/shinju-japanese-whisky,Shinju Japanese Whisky,no rating,£37.45
https://www.thewhiskyexchange.com//p/23771/hakushu-distillers-reserve,Hakushu Distiller's Reserve,4.5(28 Reviews),£70.95
https://www.thewhiskyexchange.com//p/36362/suntory-toki,Suntory Toki,4(34 Reviews),£33.95
https://www.thewhiskyexchange.com//p/67842/hatozaki-12-year-old-umeshu-finish,Hatozaki 12 Year Old Umeshu Finish,no rating,£68.95
https://www.thewhiskyexchange.com//p/32761/yoichi-single-malt,Yoichi Single Malt,4.5(10 Reviews),£77.75
https://www.thewhiskyexchange.com//p/67807/shinju-8-year-old-japanese-whisky,Shinju 8 Year Old Japanese Whisky,no rating,£59.75
https://www.thewhiskyexchange.com//p/31531/akashi-single-malt-whisky,Akashi Single Malt Whisky,5(2 Reviews),£66.75
https://www.thewhiskyexchange.com//p/2923/suntory-hibiki-17-year-old,Suntory Hibiki 17 Year Old,4.5(38 Reviews),£750
https://www.thewhiskyexchange.com//p/45367/kaiyo-mizunara-oak-cask-strength,Kaiyo Mizunara Oak Cask Strength,5(3 Reviews),£110
https://www.thewhiskyexchange.com//p/2922/hakushu-12-year-old,Hakushu 12 Year Old,4.5(32 Reviews),£185
https://www.thewhiskyexchange.com//p/62321/matsui-mizunara-kurayoshi-distillery,"Matsui Mizunara
Kurayoshi Distillery",no rating,£125
https://www.thewhiskyexchange.com//p/32762/miyagikyo-single-malt,Miyagikyo Single Malt,4.5(10 Reviews),£78.45
https://www.thewhiskyexchange.com//p/63405/the-house-of-suntory-triology-pack-3x20cl,"The House of Suntory Triology Pack
3x20cl",no rating,£44.95
https://www.thewhiskyexchange.com//p/50479/ichiros-malt-double-distilleries-2021,Ichiro's Malt Double Distilleries 2021,2(1 Review),£299
https://www.thewhiskyexchange.com//p/45366/kaiyo-mizunara-oak,Kaiyo Mizunara Oak,5(2 Reviews),£82.95
https://www.thewhiskyexchange.com//p/67583/mars-komatgatake-edition-bot2021,"Mars Komatgatake Edition
Bot.2021",no rating,£145
https://www.thewhiskyexchange.com//p/54509/chichibu-on-the-way-bot2019,"Chichibu On The Way
Bot.2019",no rating,£450
https://www.thewhiskyexchange.com//p/64381/shizuoka-contact-s-single-malt-3-year-old,"Shizuoka Contact S Single Malt
3 Year Old",no rating,£175
https://www.thewhiskyexchange.com//p/56341/ichiros-malt-grain-world-blended-whisky-2020-blue-label,"Ichiro's Malt & Grain
World Blended Whisky 2020 Blue Label",no rating,£195
https://www.thewhiskyexchange.com//p/62322/matsui-sakura-kurayoshi-distillery,"Matsui Sakura
Kurayoshi Distillery",no rating,£125
https://www.thewhiskyexchange.com//p/52590/kaiyo-peated-mizunara-oak,Kaiyo Peated Mizunara Oak,no rating,£99.95
https://www.thewhiskyexchange.com//p/42650/chichibu-london-edition-2018,Chichibu London Edition 2018,5(5 Reviews),"£1,000"
https://www.thewhiskyexchange.com//p/9847/suntory-hibiki-12-year-old,Suntory Hibiki 12 Year Old,5(43 Reviews),£950
https://www.thewhiskyexchange.com//p/8917/hakushu-18-year-old,Hakushu 18 Year Old,4.5(9 Reviews),£725
https://www.thewhiskyexchange.com//p/68389/togouchi-sake-cask,Togouchi Sake Cask,no rating,£64.95
https://www.thewhiskyexchange.com//p/40318/akashi-5-year-old-red-wine-cask,"Akashi 5 Year Old
Red Wine Cask",no rating,£160
https://www.thewhiskyexchange.com//p/34461/akashi-5-year-old-sherry-cask-half-litre,"Akashi 5 Year Old
Sherry Cask Half Litre",5(2 Reviews),£150
https://www.thewhiskyexchange.com//p/20331/suntory-hibiki-12-year-old-half-litre,"Suntory Hibiki 12 Year Old
Half Litre",5(14 Reviews),£675
https://www.thewhiskyexchange.com//p/68388/togouchi-pure-malt,Togouchi Pure Malt,no rating,£67.95
https://www.thewhiskyexchange.com//p/68120/shirakawa-1958,Shirakawa 1958,5(1 Review),"£25,000"
https://www.thewhiskyexchange.com//p/64380/shizuoka-single-malt-prologue-k-and-prologue-w-2x20cl,"Shizuoka Single Malt Prologue K and Prologue W
2x20cl",no rating,£199
https://www.thewhiskyexchange.com//p/63194/yoichi-1988-cask-100212,"Yoichi 1988
Cask 100212",no rating,"£8,000"
https://www.thewhiskyexchange.com//p/61119/karuizawa-34-year-old-cask-3668-ruby-geisha,"Karuizawa 34 Year Old Cask #3668
Ruby Geisha",no rating,"£28,000"
https://www.thewhiskyexchange.com//p/61118/karuizawa-38-year-old-cask-7582-ruby-geisha,"Karuizawa 38 Year Old Cask #7582
Ruby Geisha",no rating,"£37,500"
https://www.thewhiskyexchange.com//p/56221/yamazaki-mizunara-bot2011,"Yamazaki Mizunara
Bot.2011",no rating,"£7,500"
https://www.thewhiskyexchange.com//p/52682/karuizawa-31-year-old-sapphire-geisha,"Karuizawa 31 Year Old
Sapphire Geisha",no rating,"£27,500"
https://www.thewhiskyexchange.com//p/51085/ichiros-malt-grain-japanese-blended-whisky-2019,"Ichiro's Malt & Grain
Japanese Blended Whisky 2019",no rating,"£2,750"
https://www.thewhiskyexchange.com//p/50480/ichiros-malt-grain-japanese-blended-whisky-2021,"Ichiro's Malt & Grain
Japanese Blended Whisky 2021",no rating,"£2,250"
https://www.thewhiskyexchange.com//p/45844/karuizawa-38-year-old-pearl-geisha,"Karuizawa 38 Year Old
Pearl Geisha",no rating,"£37,500"
https://www.thewhiskyexchange.com//p/40791/yamazaki-mizunara-18-year-old-2017-edition,"Yamazaki Mizunara 18 Year Old
2017 Edition",no rating,"£10,000"
https://www.thewhiskyexchange.com//p/39382/karuizawa-1970-cask-1985,"Karuizawa 1970
Cask 1985",no rating,"£30,000"
https://www.thewhiskyexchange.com//p/28243/karuizawa-1984-bot2014-sherry-cask-3657,"Karuizawa 1984
Bot.2014 Sherry Cask #3657",no rating,"£15,000"
https://www.thewhiskyexchange.com//p/26182/karuizawa-1983-bot2014-sherry-cask,"Karuizawa 1983
Bot.2014 Sherry Cask",5(2 Reviews),"£15,000"
https://www.thewhiskyexchange.com//p/26136/karuizawa-1981-bot2014-sherry-cask,"Karuizawa 1981
Bot.2014 Sherry Cask",no rating,"£15,000"
https://www.thewhiskyexchange.com//p/26134/karuizawa-29-year-old-aika-geisha-bourbon-cask-8897,"Karuizawa 29 Year Old
Aika Geisha Bourbon Cask #8897",no rating,"£27,500"
https://www.thewhiskyexchange.com//p/24250/karuizawa-1984-29-years-old-sherry-cask-3662,"Karuizawa 1984
29 Years Old Sherry Cask #3662",no rating,"£15,000"
https://www.thewhiskyexchange.com//p/21448/karuizawa-30-year-old-first-geisha-bourbon-cask-8606,"Karuizawa 30 Year Old
First Geisha Bourbon Cask #8606",no rating,"£18,000"
https://www.thewhiskyexchange.com//p/21446/karuizawa-1984-bot2013-sherry-cask-3663,"Karuizawa 1984
Bot.2013 Sherry Cask #3663",5(1 Review),"£15,000"
https://www.thewhiskyexchange.com//p/21444/karuizawa-1981-sherry-cask-6056,"Karuizawa 1981
Sherry Cask #6056",no rating,"£17,500"
https://www.thewhiskyexchange.com//p/6903/karuizawa-1981-cask-103,"Karuizawa 1981
Cask #103",no rating,"£15,000"
